[{"id":"user-image-dsd-min.png","publicUrl":"np://user.desktop.nicepage.com/Site_274755161/images/dsd-min.png","size":30307,"fileName":"dsd-min.png","name":"dsd-min","width":700,"height":780,"thumbnail":{"url":"np://user.desktop.nicepage.com/Site_274755161/images/thumbnails/dsd-min.png","width":224,"height":250},"usages":["4383442"]},{"id":"user-image-7427330.png","publicUrl":"np://user.desktop.nicepage.com/Site_274755161/images/7427330.png","size":3454,"fileName":"7427330.png","name":"7427330","width":128,"height":128,"thumbnail":{"url":"np://user.desktop.nicepage.com/Site_274755161/images/thumbnails/7427330.png","width":128,"height":128,"length":3454},"usages":["4383442"]},{"id":"user-image-8921189.png","publicUrl":"np://user.desktop.nicepage.com/Site_274755161/images/8921189.png","size":4099,"fileName":"8921189.png","name":"8921189","width":128,"height":128,"thumbnail":{"url":"np://user.desktop.nicepage.com/Site_274755161/images/thumbnails/8921189.png","width":128,"height":128,"length":4099},"usages":["4383442"]},{"id":"user-image-9402413.png","publicUrl":"np://user.desktop.nicepage.com/Site_274755161/images/9402413.png","size":4452,"fileName":"9402413.png","name":"9402413","width":128,"height":128,"thumbnail":{"url":"np://user.desktop.nicepage.com/Site_274755161/images/thumbnails/9402413.png","width":128,"height":128,"length":4452},"usages":["4383442"]},{"id":"user-image-Untitled-2-min.png","publicUrl":"np://user.desktop.nicepage.com/Site_274755161/images/Untitled-2-min.png","size":20059,"fileName":"Untitled-2-min.png","name":"Untitled-2-min","width":600,"height":600,"thumbnail":{"url":"np://user.desktop.nicepage.com/Site_274755161/images/thumbnails/Untitled-2-min.png","width":250,"height":250},"usages":["4383442"]},{"id":"user-image-default-image.jpg","publicUrl":"np://user.desktop.nicepage.com/Site_274755161/images/default-image.jpg","size":60031,"fileName":"default-image.jpg","name":"default-image","width":2000,"height":1333,"thumbnail":{"url":"np://user.desktop.nicepage.com/Site_274755161/images/thumbnails/default-image.jpg","width":250,"height":167},"usages":["4383442"]},{"id":"user-image-7984684.png","publicUrl":"np://user.desktop.nicepage.com/Site_274755161/images/7984684.png","size":3629,"fileName":"7984684.png","name":"7984684","width":128,"height":128,"thumbnail":{"url":"np://user.desktop.nicepage.com/Site_274755161/images/thumbnails/7984684.png","width":128,"height":128,"length":3629},"usages":["4383442"]},{"id":"user-image-ewrr.png","publicUrl":"np://user.desktop.nicepage.com/Site_274755161/images/ewrr.png","size":37741,"fileName":"ewrr.png","name":"ewrr","width":600,"height":600,"thumbnail":{"url":"np://user.desktop.nicepage.com/Site_274755161/images/thumbnails/ewrr.png","width":250,"height":250},"usages":["4383442"]},{"id":"user-image-fgfg.jpg","publicUrl":"np://user.desktop.nicepage.com/Site_274755161/images/fgfg.jpg","size":42039,"fileName":"fgfg.jpg","name":"fgfg","width":626,"height":417,"thumbnail":{"url":"np://user.desktop.nicepage.com/Site_274755161/images/thumbnails/fgfg.jpg","width":250,"height":167},"usages":["4383442"]},{"id":"user-image-friendly-smiling-woman-looking-pleased-front_176420-20779.jpg","publicUrl":"np://user.desktop.nicepage.com/Site_274755161/images/friendly-smiling-woman-looking-pleased-front_176420-20779.jpg","size":40249,"fileName":"friendly-smiling-woman-looking-pleased-front_176420-20779.jpg","name":"friendly-smiling-woman-looking-pleased-front_176420-20779","width":626,"height":417,"thumbnail":{"url":"np://user.desktop.nicepage.com/Site_274755161/images/thumbnails/friendly-smiling-woman-looking-pleased-front_176420-20779.jpg","width":250,"height":167},"usages":["4383442"]},{"id":"user-image-try_3.png","publicUrl":"np://user.desktop.nicepage.com/Site_274755161/images/try_3.png","size":292555,"fileName":"try_3.png","name":"try_3","width":1500,"height":1500,"thumbnail":{"url":"np://user.desktop.nicepage.com/Site_274755161/images/thumbnails/try_3.png","width":250,"height":250},"usages":["4383442"]},{"id":"user-image-ttrrt.jpg","publicUrl":"np://user.desktop.nicepage.com/Site_274755161/images/ttrrt.jpg","size":33352,"fileName":"ttrrt.jpg","name":"ttrrt","width":626,"height":417,"thumbnail":{"url":"np://user.desktop.nicepage.com/Site_274755161/images/thumbnails/ttrrt.jpg","width":250,"height":167},"usages":["4383442"]}]
