[{"id":"user-image-dsd-min.png","publicUrl":"np://user.desktop.nicepage.com/Site_274755161/images/dsd-min.png","size":30307,"fileName":"dsd-min.png","name":"dsd-min","width":700,"height":780,"thumbnail":{"url":"np://user.desktop.nicepage.com/Site_274755161/images/thumbnails/dsd-min.png","width":224,"height":250},"usages":[]},{"id":"user-image-7427330.png","publicUrl":"np://user.desktop.nicepage.com/Site_274755161/images/7427330.png","size":3454,"fileName":"7427330.png","name":"7427330","width":128,"height":128,"thumbnail":{"url":"np://user.desktop.nicepage.com/Site_274755161/images/thumbnails/7427330.png","width":128,"height":128,"length":3454},"usages":["4383442"]},{"id":"user-image-8921189.png","publicUrl":"np://user.desktop.nicepage.com/Site_274755161/images/8921189.png","size":4099,"fileName":"8921189.png","name":"8921189","width":128,"height":128,"thumbnail":{"url":"np://user.desktop.nicepage.com/Site_274755161/images/thumbnails/8921189.png","width":128,"height":128,"length":4099},"usages":["4383442"]},{"id":"user-image-9402413.png","publicUrl":"np://user.desktop.nicepage.com/Site_274755161/images/9402413.png","size":4452,"fileName":"9402413.png","name":"9402413","width":128,"height":128,"thumbnail":{"url":"np://user.desktop.nicepage.com/Site_274755161/images/thumbnails/9402413.png","width":128,"height":128,"length":4452},"usages":["4383442"]},{"id":"user-image-Untitled-2-min.png","publicUrl":"np://user.desktop.nicepage.com/Site_274755161/images/Untitled-2-min.png","size":20059,"fileName":"Untitled-2-min.png","name":"Untitled-2-min","width":600,"height":600,"thumbnail":{"url":"np://user.desktop.nicepage.com/Site_274755161/images/thumbnails/Untitled-2-min.png","width":250,"height":250},"usages":["4383442"]},{"id":"user-image-default-image.jpg","publicUrl":"np://user.desktop.nicepage.com/Site_274755161/images/default-image.jpg","size":60031,"fileName":"default-image.jpg","name":"default-image","width":2000,"height":1333,"thumbnail":{"url":"np://user.desktop.nicepage.com/Site_274755161/images/thumbnails/default-image.jpg","width":250,"height":167},"usages":["4383442"]},{"id":"user-image-7984684.png","publicUrl":"np://user.desktop.nicepage.com/Site_274755161/images/7984684.png","size":3629,"fileName":"7984684.png","name":"7984684","width":128,"height":128,"thumbnail":{"url":"np://user.desktop.nicepage.com/Site_274755161/images/thumbnails/7984684.png","width":128,"height":128,"length":3629},"usages":["4383442"]},{"id":"user-image-ewrr.png","publicUrl":"np://user.desktop.nicepage.com/Site_274755161/images/ewrr.png","size":37741,"fileName":"ewrr.png","name":"ewrr","width":600,"height":600,"thumbnail":{"url":"np://user.desktop.nicepage.com/Site_274755161/images/thumbnails/ewrr.png","width":250,"height":250},"usages":["4383442"]},{"id":"user-image-fgfg.jpg","publicUrl":"np://user.desktop.nicepage.com/Site_274755161/images/fgfg.jpg","size":42039,"fileName":"fgfg.jpg","name":"fgfg","width":626,"height":417,"thumbnail":{"url":"np://user.desktop.nicepage.com/Site_274755161/images/thumbnails/fgfg.jpg","width":250,"height":167},"usages":["4383442"]},{"id":"user-image-friendly-smiling-woman-looking-pleased-front_176420-20779.jpg","publicUrl":"np://user.desktop.nicepage.com/Site_274755161/images/friendly-smiling-woman-looking-pleased-front_176420-20779.jpg","size":40249,"fileName":"friendly-smiling-woman-looking-pleased-front_176420-20779.jpg","name":"friendly-smiling-woman-looking-pleased-front_176420-20779","width":626,"height":417,"thumbnail":{"url":"np://user.desktop.nicepage.com/Site_274755161/images/thumbnails/friendly-smiling-woman-looking-pleased-front_176420-20779.jpg","width":250,"height":167},"usages":["4383442"]},{"id":"user-image-try_3.png","publicUrl":"np://user.desktop.nicepage.com/Site_274755161/images/try_3.png","size":292555,"fileName":"try_3.png","name":"try_3","width":1500,"height":1500,"thumbnail":{"url":"np://user.desktop.nicepage.com/Site_274755161/images/thumbnails/try_3.png","width":250,"height":250},"usages":["4383442"]},{"id":"user-image-ttrrt.jpg","publicUrl":"np://user.desktop.nicepage.com/Site_274755161/images/ttrrt.jpg","size":33352,"fileName":"ttrrt.jpg","name":"ttrrt","width":626,"height":417,"thumbnail":{"url":"np://user.desktop.nicepage.com/Site_274755161/images/thumbnails/ttrrt.jpg","width":250,"height":167},"usages":["4383442"]},{"id":"user-image-1.png","publicUrl":"np://user.desktop.nicepage.com/Site_274755161/images/1.png","size":19534,"hash":"oxAmSt8C67QaNQYMfJqU2CJ/Hes=","fileName":"1.png","name":"1","width":772,"height":218,"thumbnail":{"url":"np://user.desktop.nicepage.com/Site_274755161/images/thumbnails/1.png","width":250,"height":71},"usages":[]},{"id":"user-image-2.png","publicUrl":"np://user.desktop.nicepage.com/Site_274755161/images/2.png","size":517159,"hash":"vxTqqZrIvNdC6htM9RqUVwWFCec=","fileName":"2.png","name":"2","width":757,"height":801,"thumbnail":{"url":"np://user.desktop.nicepage.com/Site_274755161/images/thumbnails/2.png","width":236,"height":250},"usages":[]},{"id":"user-image-21.png","publicUrl":"np://user.desktop.nicepage.com/Site_274755161/images/21.png","size":32248,"hash":"wCmIMcCYPIJTSJpWUEynItghKAA=","fileName":"21.png","name":"21","width":741,"height":285,"thumbnail":{"url":"np://user.desktop.nicepage.com/Site_274755161/images/thumbnails/21.png","width":250,"height":96},"usages":[]},{"id":"user-image-CS132Group59-AquinoxSAF44.png","publicUrl":"np://user.desktop.nicepage.com/Site_274755161/images/CS132Group59-AquinoxSAF44.png","size":2033001,"hash":"wA9pOod0Hbfre6YHntmen80HVvQ=","fileName":"CS132Group59-AquinoxSAF44.png","name":"CS132Group59-AquinoxSAF44","width":4493,"height":3178,"thumbnail":{"url":"np://user.desktop.nicepage.com/Site_274755161/images/thumbnails/CS132Group59-AquinoxSAF44.png","width":250,"height":177},"usages":["4383442"]},{"id":"user-image-11.png","publicUrl":"np://user.desktop.nicepage.com/Site_274755161/images/11.png","size":18872,"hash":"q9oTfd+WBXQ5Q13bPzqhqehnHr8=","fileName":"11.png","name":"11","width":751,"height":212,"thumbnail":{"url":"np://user.desktop.nicepage.com/Site_274755161/images/thumbnails/11.png","width":250,"height":71},"usages":["4383442"]},{"id":"user-image-22.png","publicUrl":"np://user.desktop.nicepage.com/Site_274755161/images/22.png","size":34085,"hash":"7cBDuqSLjTruV/4twni/btkhsrQ=","fileName":"22.png","name":"22","width":740,"height":271,"thumbnail":{"url":"np://user.desktop.nicepage.com/Site_274755161/images/thumbnails/22.png","width":250,"height":92},"usages":[]},{"id":"user-image-23.png","publicUrl":"np://user.desktop.nicepage.com/Site_274755161/images/23.png","size":34096,"hash":"D6hscOzmcDRB5MePtrJ2xDOcaqI=","fileName":"23.png","name":"23","width":742,"height":271,"thumbnail":{"url":"np://user.desktop.nicepage.com/Site_274755161/images/thumbnails/23.png","width":250,"height":91},"usages":["4383442"]}]
