[{"id":"user-image-dsd-min.png","publicUrl":"np://user.desktop.nicepage.com/Site_274755161/images/dsd-min.png","size":30307,"fileName":"dsd-min.png","name":"dsd-min","width":700,"height":780,"thumbnail":{"url":"np://user.desktop.nicepage.com/Site_274755161/images/thumbnails/dsd-min.png","width":224,"height":250},"usages":[]},{"id":"user-image-7427330.png","publicUrl":"np://user.desktop.nicepage.com/Site_274755161/images/7427330.png","size":3454,"fileName":"7427330.png","name":"7427330","width":128,"height":128,"thumbnail":{"url":"np://user.desktop.nicepage.com/Site_274755161/images/thumbnails/7427330.png","width":128,"height":128,"length":3454},"usages":["4383442"]},{"id":"user-image-8921189.png","publicUrl":"np://user.desktop.nicepage.com/Site_274755161/images/8921189.png","size":4099,"fileName":"8921189.png","name":"8921189","width":128,"height":128,"thumbnail":{"url":"np://user.desktop.nicepage.com/Site_274755161/images/thumbnails/8921189.png","width":128,"height":128,"length":4099},"usages":["4383442"]},{"id":"user-image-9402413.png","publicUrl":"np://user.desktop.nicepage.com/Site_274755161/images/9402413.png","size":4452,"fileName":"9402413.png","name":"9402413","width":128,"height":128,"thumbnail":{"url":"np://user.desktop.nicepage.com/Site_274755161/images/thumbnails/9402413.png","width":128,"height":128,"length":4452},"usages":["4383442"]},{"id":"user-image-Untitled-2-min.png","publicUrl":"np://user.desktop.nicepage.com/Site_274755161/images/Untitled-2-min.png","size":20059,"fileName":"Untitled-2-min.png","name":"Untitled-2-min","width":600,"height":600,"thumbnail":{"url":"np://user.desktop.nicepage.com/Site_274755161/images/thumbnails/Untitled-2-min.png","width":250,"height":250},"usages":[]},{"id":"user-image-default-image.jpg","publicUrl":"np://user.desktop.nicepage.com/Site_274755161/images/default-image.jpg","size":60031,"fileName":"default-image.jpg","name":"default-image","width":2000,"height":1333,"thumbnail":{"url":"np://user.desktop.nicepage.com/Site_274755161/images/thumbnails/default-image.jpg","width":250,"height":167},"usages":[]},{"id":"user-image-7984684.png","publicUrl":"np://user.desktop.nicepage.com/Site_274755161/images/7984684.png","size":3629,"fileName":"7984684.png","name":"7984684","width":128,"height":128,"thumbnail":{"url":"np://user.desktop.nicepage.com/Site_274755161/images/thumbnails/7984684.png","width":128,"height":128,"length":3629},"usages":["4383442"]},{"id":"user-image-ewrr.png","publicUrl":"np://user.desktop.nicepage.com/Site_274755161/images/ewrr.png","size":37741,"fileName":"ewrr.png","name":"ewrr","width":600,"height":600,"thumbnail":{"url":"np://user.desktop.nicepage.com/Site_274755161/images/thumbnails/ewrr.png","width":250,"height":250},"usages":[]},{"id":"user-image-fgfg.jpg","publicUrl":"np://user.desktop.nicepage.com/Site_274755161/images/fgfg.jpg","size":42039,"fileName":"fgfg.jpg","name":"fgfg","width":626,"height":417,"thumbnail":{"url":"np://user.desktop.nicepage.com/Site_274755161/images/thumbnails/fgfg.jpg","width":250,"height":167},"usages":[]},{"id":"user-image-friendly-smiling-woman-looking-pleased-front_176420-20779.jpg","publicUrl":"np://user.desktop.nicepage.com/Site_274755161/images/friendly-smiling-woman-looking-pleased-front_176420-20779.jpg","size":40249,"fileName":"friendly-smiling-woman-looking-pleased-front_176420-20779.jpg","name":"friendly-smiling-woman-looking-pleased-front_176420-20779","width":626,"height":417,"thumbnail":{"url":"np://user.desktop.nicepage.com/Site_274755161/images/thumbnails/friendly-smiling-woman-looking-pleased-front_176420-20779.jpg","width":250,"height":167},"usages":[]},{"id":"user-image-try_3.png","publicUrl":"np://user.desktop.nicepage.com/Site_274755161/images/try_3.png","size":292555,"fileName":"try_3.png","name":"try_3","width":1500,"height":1500,"thumbnail":{"url":"np://user.desktop.nicepage.com/Site_274755161/images/thumbnails/try_3.png","width":250,"height":250},"usages":["4383442"]},{"id":"user-image-ttrrt.jpg","publicUrl":"np://user.desktop.nicepage.com/Site_274755161/images/ttrrt.jpg","size":33352,"fileName":"ttrrt.jpg","name":"ttrrt","width":626,"height":417,"thumbnail":{"url":"np://user.desktop.nicepage.com/Site_274755161/images/thumbnails/ttrrt.jpg","width":250,"height":167},"usages":[]},{"id":"user-image-1.png","publicUrl":"np://user.desktop.nicepage.com/Site_274755161/images/1.png","size":19534,"hash":"oxAmSt8C67QaNQYMfJqU2CJ/Hes=","fileName":"1.png","name":"1","width":772,"height":218,"thumbnail":{"url":"np://user.desktop.nicepage.com/Site_274755161/images/thumbnails/1.png","width":250,"height":71},"usages":[]},{"id":"user-image-2.png","publicUrl":"np://user.desktop.nicepage.com/Site_274755161/images/2.png","size":517159,"hash":"vxTqqZrIvNdC6htM9RqUVwWFCec=","fileName":"2.png","name":"2","width":757,"height":801,"thumbnail":{"url":"np://user.desktop.nicepage.com/Site_274755161/images/thumbnails/2.png","width":236,"height":250},"usages":[]},{"id":"user-image-21.png","publicUrl":"np://user.desktop.nicepage.com/Site_274755161/images/21.png","size":32248,"hash":"wCmIMcCYPIJTSJpWUEynItghKAA=","fileName":"21.png","name":"21","width":741,"height":285,"thumbnail":{"url":"np://user.desktop.nicepage.com/Site_274755161/images/thumbnails/21.png","width":250,"height":96},"usages":[]},{"id":"user-image-CS132Group59-AquinoxSAF44.png","publicUrl":"np://user.desktop.nicepage.com/Site_274755161/images/CS132Group59-AquinoxSAF44.png","size":2033001,"hash":"wA9pOod0Hbfre6YHntmen80HVvQ=","fileName":"CS132Group59-AquinoxSAF44.png","name":"CS132Group59-AquinoxSAF44","width":4493,"height":3178,"thumbnail":{"url":"np://user.desktop.nicepage.com/Site_274755161/images/thumbnails/CS132Group59-AquinoxSAF44.png","width":250,"height":177},"usages":[]},{"id":"user-image-11.png","publicUrl":"np://user.desktop.nicepage.com/Site_274755161/images/11.png","size":18872,"hash":"q9oTfd+WBXQ5Q13bPzqhqehnHr8=","fileName":"11.png","name":"11","width":751,"height":212,"thumbnail":{"url":"np://user.desktop.nicepage.com/Site_274755161/images/thumbnails/11.png","width":250,"height":71},"usages":["4383442"]},{"id":"user-image-22.png","publicUrl":"np://user.desktop.nicepage.com/Site_274755161/images/22.png","size":34085,"hash":"7cBDuqSLjTruV/4twni/btkhsrQ=","fileName":"22.png","name":"22","width":740,"height":271,"thumbnail":{"url":"np://user.desktop.nicepage.com/Site_274755161/images/thumbnails/22.png","width":250,"height":92},"usages":[]},{"id":"user-image-23.png","publicUrl":"np://user.desktop.nicepage.com/Site_274755161/images/23.png","size":34096,"hash":"D6hscOzmcDRB5MePtrJ2xDOcaqI=","fileName":"23.png","name":"23","width":742,"height":271,"thumbnail":{"url":"np://user.desktop.nicepage.com/Site_274755161/images/thumbnails/23.png","width":250,"height":91},"usages":["4383442"]},{"id":"user-image-JCA_grad_1x1_300dpi.jpg","publicUrl":"np://user.desktop.nicepage.com/Site_274755161/images/JCA_grad_1x1_300dpi.jpg","size":261352,"hash":"6kDhQ4xnE/FE0vXaKK59BbeWYN0=","fileName":"JCA_grad_1x1_300dpi.jpg","name":"JCA_grad_1x1_300dpi","width":730,"height":730,"thumbnail":{"url":"np://user.desktop.nicepage.com/Site_274755161/images/thumbnails/JCA_grad_1x1_300dpi.jpg","width":250,"height":250},"usages":[]},{"id":"user-image-2103787.png","publicUrl":"np://user.desktop.nicepage.com/Site_274755161/images/2103787.png","size":4729,"hash":"Gf8jsO4Zc1ucQ1q2Tq2+sg41e/A=","fileName":"2103787.png","name":"2103787","width":128,"height":128,"thumbnail":{"url":"np://user.desktop.nicepage.com/Site_274755161/images/thumbnails/2103787.png","width":128,"height":128,"length":4729,"type":"png"},"usages":[]},{"id":"user-image-1551499.png","publicUrl":"np://user.desktop.nicepage.com/Site_274755161/images/1551499.png","size":5448,"hash":"oXc/QYGaTn0uSke0Oxxob3HfNn0=","fileName":"1551499.png","name":"1551499","width":128,"height":128,"thumbnail":{"url":"np://user.desktop.nicepage.com/Site_274755161/images/thumbnails/1551499.png","width":128,"height":128,"length":5448,"type":"png"},"usages":[]},{"id":"user-image-356968936_200000952654955_8958534192206907673_n.jpg","publicUrl":"np://user.desktop.nicepage.com/Site_274755161/images/356968936_200000952654955_8958534192206907673_n.jpg","size":35111,"hash":"LgpsUbAHClHFedsGXGaU4v2CsPY=","fileName":"356968936_200000952654955_8958534192206907673_n.jpg","name":"356968936_200000952654955_8958534192206907673_n","width":433,"height":576,"thumbnail":{"url":"np://user.desktop.nicepage.com/Site_274755161/images/thumbnails/356968936_200000952654955_8958534192206907673_n.jpg","width":188,"height":250},"usages":["4383442"]},{"id":"user-image-355036872_219875050442746_946340699765565339_n.jpg","publicUrl":"np://user.desktop.nicepage.com/Site_274755161/images/355036872_219875050442746_946340699765565339_n.jpg","size":57430,"hash":"f90/TdltNGaNIaVYFai8bAtIgjw=","fileName":"355036872_219875050442746_946340699765565339_n.jpg","name":"355036872_219875050442746_946340699765565339_n","width":1080,"height":1076,"thumbnail":{"url":"np://user.desktop.nicepage.com/Site_274755161/images/thumbnails/355036872_219875050442746_946340699765565339_n.jpg","width":250,"height":249},"usages":["4383442"]},{"id":"user-image-IMG_20220630_132432.jpg","publicUrl":"np://user.desktop.nicepage.com/Site_274755161/images/IMG_20220630_132432.jpg","size":3294846,"hash":"PHqaHbGmtGXDbQ7vbMMnub0GW/4=","fileName":"IMG_20220630_132432.jpg","name":"IMG_20220630_132432","width":4000,"height":3000,"thumbnail":{"url":"np://user.desktop.nicepage.com/Site_274755161/images/thumbnails/IMG_20220630_132432.jpg","width":250,"height":188},"usages":[]},{"id":"user-image-IMG_20220630_1324321.jpg","publicUrl":"np://user.desktop.nicepage.com/Site_274755161/images/IMG_20220630_1324321.jpg","size":853746,"hash":"IMw5lVSwndE4aBPZ7ykbTELly9s=","fileName":"IMG_20220630_1324321.jpg","name":"IMG_20220630_1324321","width":2600,"height":2600,"thumbnail":{"url":"np://user.desktop.nicepage.com/Site_274755161/images/thumbnails/IMG_20220630_1324321.jpg","width":250,"height":250},"usages":["4383442"]},{"id":"user-image-CS132Group59-AquinoxSAF441.png","publicUrl":"np://user.desktop.nicepage.com/Site_274755161/images/CS132Group59-AquinoxSAF441.png","size":2088697,"hash":"TL6MlPCzXutFmmbUst//iV68RjA=","fileName":"CS132Group59-AquinoxSAF441.png","name":"CS132Group59-AquinoxSAF441","width":4493,"height":3178,"thumbnail":{"url":"np://user.desktop.nicepage.com/Site_274755161/images/thumbnails/CS132Group59-AquinoxSAF441.png","width":250,"height":177},"usages":["4383442"]},{"id":"user-image-12.png","publicUrl":"np://user.desktop.nicepage.com/Site_274755161/images/12.png","size":739926,"hash":"2/CIcNkysFLI+m1sHgNaqVlEggA=","fileName":"12.png","name":"12","width":3188,"height":3188,"thumbnail":{"url":"np://user.desktop.nicepage.com/Site_274755161/images/thumbnails/12.png","width":250,"height":250},"usages":["4383442"]},{"id":"user-image-tweetcount_year.png","publicUrl":"np://user.desktop.nicepage.com/Site_274755161/images/tweetcount_year.png","size":16577,"hash":"1mtw4SQJb8U2VU0dtGCwM93XVo4=","fileName":"tweetcount_year.png","name":"tweetcount_year","width":562,"height":476,"thumbnail":{"url":"np://user.desktop.nicepage.com/Site_274755161/images/thumbnails/tweetcount_year.png","width":250,"height":212},"usages":["4383442"]},{"id":"user-image-residual_year.png","publicUrl":"np://user.desktop.nicepage.com/Site_274755161/images/residual_year.png","size":19174,"hash":"mVhWC8EdVz45JXUV95ZDRBhx0+4=","fileName":"residual_year.png","name":"residual_year","width":565,"height":476,"thumbnail":{"url":"np://user.desktop.nicepage.com/Site_274755161/images/thumbnails/residual_year.png","width":250,"height":211},"usages":["4383442"]},{"id":"user-image-pairwise_year.png","publicUrl":"np://user.desktop.nicepage.com/Site_274755161/images/pairwise_year.png","size":55227,"hash":"BK6IDwnOHidbnhS9IqkDVkj6I1o=","fileName":"pairwise_year.png","name":"pairwise_year","width":764,"height":682,"thumbnail":{"url":"np://user.desktop.nicepage.com/Site_274755161/images/thumbnails/pairwise_year.png","width":250,"height":223},"usages":["4383442"]},{"id":"user-image-6.png","publicUrl":"np://user.desktop.nicepage.com/Site_274755161/images/6.png","size":297759,"hash":"CZMNhTJEc+20QR2gcN21qgfLJXI=","fileName":"6.png","name":"6","width":3188,"height":3188,"thumbnail":{"url":"np://user.desktop.nicepage.com/Site_274755161/images/thumbnails/6.png","width":250,"height":250},"usages":["4383442"]},{"id":"user-image-tweetcount_halfyear.png","publicUrl":"np://user.desktop.nicepage.com/Site_274755161/images/tweetcount_halfyear.png","size":17388,"hash":"mGVdE7PTowI65HVYoxJWHXt0XzM=","fileName":"tweetcount_halfyear.png","name":"tweetcount_halfyear","width":562,"height":490,"thumbnail":{"url":"np://user.desktop.nicepage.com/Site_274755161/images/thumbnails/tweetcount_halfyear.png","width":250,"height":218},"usages":["4383442"]},{"id":"user-image-residual_halfyear.png","publicUrl":"np://user.desktop.nicepage.com/Site_274755161/images/residual_halfyear.png","size":21730,"hash":"Wefr1VP82GRfSGpMGJQZ8qf1iJI=","fileName":"residual_halfyear.png","name":"residual_halfyear","width":565,"height":490,"thumbnail":{"url":"np://user.desktop.nicepage.com/Site_274755161/images/thumbnails/residual_halfyear.png","width":250,"height":217},"usages":["4383442"]},{"id":"user-image-pairwise_halfyear.png","publicUrl":"np://user.desktop.nicepage.com/Site_274755161/images/pairwise_halfyear.png","size":35615,"hash":"TZKVxHeGrcRobVdJLTy8yI64dHs=","fileName":"pairwise_halfyear.png","name":"pairwise_halfyear","width":799,"height":717,"thumbnail":{"url":"np://user.desktop.nicepage.com/Site_274755161/images/thumbnails/pairwise_halfyear.png","width":250,"height":224},"usages":["4383442"]},{"id":"user-image-tweetcount_month.png","publicUrl":"np://user.desktop.nicepage.com/Site_274755161/images/tweetcount_month.png","size":15961,"hash":"QViIE1iyn7wjLWFKAcPTiABjdHk=","fileName":"tweetcount_month.png","name":"tweetcount_month","width":562,"height":458,"thumbnail":{"url":"np://user.desktop.nicepage.com/Site_274755161/images/thumbnails/tweetcount_month.png","width":250,"height":204},"usages":["4383442"]},{"id":"user-image-residual_month.png","publicUrl":"np://user.desktop.nicepage.com/Site_274755161/images/residual_month.png","size":17947,"hash":"x7V5WY2Up/9vELPXSyNcfR3uJDM=","fileName":"residual_month.png","name":"residual_month","width":565,"height":458,"thumbnail":{"url":"np://user.desktop.nicepage.com/Site_274755161/images/thumbnails/residual_month.png","width":250,"height":203},"usages":["4383442"]},{"id":"user-image-pairwise_month.png","publicUrl":"np://user.desktop.nicepage.com/Site_274755161/images/pairwise_month.png","size":91164,"hash":"1IWNSUDbeoO6/he1okZNYJScJSM=","fileName":"pairwise_month.png","name":"pairwise_month","width":764,"height":682,"thumbnail":{"url":"np://user.desktop.nicepage.com/Site_274755161/images/thumbnails/pairwise_month.png","width":250,"height":223},"usages":["4383442"]},{"id":"user-image-pairwise_halfmonth.png","publicUrl":"np://user.desktop.nicepage.com/Site_274755161/images/pairwise_halfmonth.png","size":34771,"hash":"H7lXyonqYXMRQH+9cXwItrQiLiI=","fileName":"pairwise_halfmonth.png","name":"pairwise_halfmonth","width":782,"height":699,"thumbnail":{"url":"np://user.desktop.nicepage.com/Site_274755161/images/thumbnails/pairwise_halfmonth.png","width":250,"height":223},"usages":["4383442"]},{"id":"user-image-residual_halfmonth.png","publicUrl":"np://user.desktop.nicepage.com/Site_274755161/images/residual_halfmonth.png","size":21156,"hash":"+eSe8apUblfDeyCkmoIRpcAVg/g=","fileName":"residual_halfmonth.png","name":"residual_halfmonth","width":565,"height":472,"thumbnail":{"url":"np://user.desktop.nicepage.com/Site_274755161/images/thumbnails/residual_halfmonth.png","width":250,"height":209},"usages":["4383442"]},{"id":"user-image-tweetcount_halfmonth.png","publicUrl":"np://user.desktop.nicepage.com/Site_274755161/images/tweetcount_halfmonth.png","size":18212,"hash":"onRWp/KmtA+jitEzvLhBZ8/HK1c=","fileName":"tweetcount_halfmonth.png","name":"tweetcount_halfmonth","width":562,"height":472,"thumbnail":{"url":"np://user.desktop.nicepage.com/Site_274755161/images/thumbnails/tweetcount_halfmonth.png","width":250,"height":210},"usages":["4383442"]},{"id":"user-image-outliers.png","publicUrl":"np://user.desktop.nicepage.com/Site_274755161/images/outliers.png","size":46457,"hash":"QBW/Pz/DrJio1jsJEM6lQEdC6pA=","fileName":"outliers.png","name":"outliers","width":850,"height":650,"thumbnail":{"url":"np://user.desktop.nicepage.com/Site_274755161/images/thumbnails/outliers.png","width":250,"height":191},"usages":[]},{"id":"user-image-outliers1.png","publicUrl":"np://user.desktop.nicepage.com/Site_274755161/images/outliers1.png","size":85983,"hash":"xCX6wIfnZs+H7uAdORB0IA3P6pQ=","fileName":"outliers1.png","name":"outliers1","width":1514,"height":1136,"thumbnail":{"url":"np://user.desktop.nicepage.com/Site_274755161/images/thumbnails/outliers1.png","width":250,"height":188},"usages":["4383442"]},{"id":"user-image-try_2.png","publicUrl":"np://user.desktop.nicepage.com/Site_274755161/images/try_2.png","size":289995,"hash":"tYjhYN31YGGaSR7NFuFqx56jHn4=","fileName":"try_2.png","name":"try_2","width":1500,"height":1500,"thumbnail":{"url":"np://user.desktop.nicepage.com/Site_274755161/images/thumbnails/try_2.png","width":250,"height":250},"usages":[]}]
